,MAPE,MSE,Time
D_RF1,17.0202809293907,74110663204.3714,139.6772484999999
D_RF2,18.275183700028823,94410924451.88441,565.8698384999998
D_RF3,7.349203739049641,17334656405.1729,8467.682626
D_XGB1,15.876258398757138,65587271026.136116,26.9783654999992
D_XGB2,17.143311315439526,83885612566.61472,173.22075239999958
D_XGB3,9.876091658997467,32001241482.837982,1217.6094355999994
