,MAPE,MSE,Time
RF1,18.820462276578205,50238635.61542955,96.2381584
RF2,19.039458118657514,44949987.36405498,635.3491981
XGB1,13.128790020560485,24235647.84642631,17.304973000000018
XGB2,19.039458118657514,44949987.36405498,623.7853124000001
XGB3,14.975039694289322,29374728.671074945,2821.5810387
XGB4,28.174376607223717,90180445.10429119,196.213466453
XGB5,25.065947356121754,91052095.98077756,1608.6458768831
XGB6,35.120758966605685,145810770.47574413,889.46854642
