,Holt1,Holt2,Holt3
$\alpha$,0.995,0.995,0.995
$\beta$,0.995,0.995,0.995
$\phi$,,,0.99
$l_0$,1798510.5380332028,1798510.5380332028,1798510.5380332028
$b_0$,25.638428238507913,1.0000142553672589,25.638428238507913
SSE,74991648.57786357,74983686.95588198,74280287.16124341
MAPE,0.8572513207017401,0.87004639127728,0.31656923951175386
MSE,240375549.73730546,247678145.44843316,38977453.89935107
Time,0:00:00.171103,0:00:00.187462,0:00:00.165735
